kca,20160403,nyn,7.5
pit,20160403,sln,6
tba,20160403,tor,7
ana,20160404,chn,7
ari,20160404,col,8
atl,20160404,was,7
bal,20160404,min,9
cin,20160404,phi,7.5
mil,20160404,sfn,7.5
oak,20160404,cha,7
sdn,20160404,lan,6
tba,20160404,tor,8
tex,20160404,sea,8
ana,20160405,chn,7.5
ari,20160405,col,9
cle,20160405,bos,6
kca,20160405,nyn,8.5
mia,20160405,det,7.5
mil,20160405,sfn,8
nya,20160405,hou,6.5
oak,20160405,cha,7.5
pit,20160405,sln,7
sdn,20160405,lan,7.5
tba,20160405,tor,8
tex,20160405,sea,9
ari,20160406,col,8.5
atl,20160406,was,7
bal,20160406,min,8.5
cin,20160406,phi,8
cle,20160406,bos,7.5
mia,20160406,det,7
mil,20160406,sfn,8.5
nya,20160406,hou,7.5
oak,20160406,cha,8
pit,20160406,sln,7.5
sdn,20160406,lan,7
tba,20160406,tor,8.5
tex,20160406,sea,9.5
ana,20160407,tex,8
ari,20160407,chn,9
bal,20160407,min,8.5
cin,20160407,phi,8.5
nya,20160407,hou,8.5
oak,20160407,cha,8.5
sfn,20160407,lan,8
was,20160407,mia,8.5
ana,20160408,tex,8
ari,20160408,chn,9
atl,20160408,sln,7
bal,20160408,tba,8
cha,20160408,cle,8
cin,20160408,pit,8
col,20160408,sdn,11
det,20160408,nya,8
kca,20160408,min,7.5
mil,20160408,hou,9
nyn,20160408,phi,7
sea,20160408,oak,8
sfn,20160408,lan,8.5
tor,20160408,bos,8.5
ana,20160409,tex,7
ari,20160409,chn,8
atl,20160409,sln,7
cha,20160409,cle,7
cin,20160409,pit,7
col,20160409,sdn,11.5
det,20160409,nya,9
kca,20160409,min,7.5
mil,20160409,hou,9
nyn,20160409,phi,7
sea,20160409,oak,8
sfn,20160409,lan,6
tor,20160409,bos,9
ana,20160410,tex,9
ari,20160410,chn,8
atl,20160410,sln,7.5
bal,20160410,tba,8
cin,20160410,pit,9
col,20160410,sdn,11
kca,20160410,min,8.5
mil,20160410,hou,8.5
nyn,20160410,phi,6.5
sea,20160410,oak,7.5
sfn,20160410,lan,7.5
tor,20160410,bos,9.5
was,20160410,mia,8
bos,20160411,bal,8.5
chn,20160411,cin,7
det,20160411,pit,8.5
hou,20160411,kca,8.5
min,20160411,cha,7.5
nyn,20160411,mia,7.5
oak,20160411,ana,7.5
phi,20160411,sdn,8
sea,20160411,tex,8
sln,20160411,mil,7.5
was,20160411,atl,7.5
bos,20160412,bal,9
col,20160412,sfn,11
det,20160412,pit,8.5
hou,20160412,kca,8
lan,20160412,ari,7
nyn,20160412,mia,6
oak,20160412,ana,8
phi,20160412,sdn,7.5
sea,20160412,tex,7
tba,20160412,cle,7
tor,20160412,nya,8
was,20160412,atl,7.5
bos,20160413,bal,8.5
chn,20160413,cin,7.5
col,20160413,sfn,11.5
hou,20160413,kca,8.5
lan,20160413,ari,7.5
min,20160413,cha,8
nyn,20160413,mia,7.5
oak,20160413,ana,9
phi,20160413,sdn,7
pit,20160413,det,8.5
sea,20160413,tex,7.5
sln,20160413,mil,7
tba,20160413,cle,7
tor,20160413,nya,8
was,20160413,atl,8
chn,20160414,cin,7
col,20160414,sfn,11.5
hou,20160414,kca,8
lan,20160414,ari,7.5
min,20160414,cha,8.5
phi,20160414,sdn,7
pit,20160414,det,7
sln,20160414,mil,7.5
tba,20160414,cle,7
tex,20160414,bal,8
tor,20160414,nya,8.5
was,20160414,atl,7
bos,20160415,tor,8.5
chn,20160415,col,7.5
cle,20160415,nyn,8
hou,20160415,det,9.5
lan,20160415,sfn,6
mia,20160415,atl,8
min,20160415,ana,8
nya,20160415,sea,8
oak,20160415,kca,7
phi,20160415,was,7.5
pit,20160415,mil,7.5
sdn,20160415,ari,6.5
sln,20160415,cin,7.5
tba,20160415,cha,6.5
tex,20160415,bal,9
bos,20160416,tor,8
chn,20160416,col,7
cle,20160416,nyn,7
hou,20160416,det,9
lan,20160416,sfn,7.5
mia,20160416,atl,8.5
min,20160416,ana,9
nya,20160416,sea,7.5
oak,20160416,kca,7
phi,20160416,was,6.5
pit,20160416,mil,8
sdn,20160416,ari,7
sln,20160416,cin,7.5
tba,20160416,cha,8
tex,20160416,bal,9.5
bos,20160417,tor,9
chn,20160417,col,7
cle,20160417,nyn,7.5
hou,20160417,det,8.5
lan,20160417,sfn,8
mia,20160417,atl,8
min,20160417,ana,9
nya,20160417,sea,7.5
oak,20160417,kca,8
phi,20160417,was,8
pit,20160417,mil,8
sdn,20160417,ari,7
sln,20160417,cin,8
tba,20160417,cha,7.5
bos,20160418,tor,8.5
cha,20160418,ana,8.5
cin,20160418,col,8.5
mia,20160418,was,7.5
min,20160418,mil,8
phi,20160418,nyn,7.5
sfn,20160418,ari,8
sln,20160418,chn,8
atl,20160419,lan,8
bal,20160419,tor,9
bos,20160419,tba,8.5
cha,20160419,ana,8.5
cin,20160419,col,8.5
cle,20160419,sea,7.5
kca,20160419,det,8
mia,20160419,was,7.5
min,20160419,mil,8.5
nya,20160419,oak,8.5
phi,20160419,nyn,7.5
sdn,20160419,pit,7.5
sfn,20160419,ari,7.5
sln,20160419,chn,7.5
tex,20160419,hou,9
atl,20160420,lan,8
bal,20160420,tor,8.5
bos,20160420,tba,8
cha,20160420,ana,7
cin,20160420,col,7.5
cle,20160420,sea,7.5
kca,20160420,det,7.5
mia,20160420,was,8
mil,20160420,min,8.5
nya,20160420,oak,8.5
phi,20160420,nyn,8
sdn,20160420,pit,7.5
sfn,20160420,ari,6.5
sln,20160420,chn,7.5
tex,20160420,hou,8.5
atl,20160421,lan,6.5
bal,20160421,tor,8.5
bos,20160421,tba,8.5
cha,20160421,ana,10
cin,20160421,chn,7.5
cle,20160421,sea,9
kca,20160421,det,8.5
mia,20160421,was,7
mil,20160421,min,9
nya,20160421,oak,8
sdn,20160421,pit,7
sfn,20160421,ari,7.5
tex,20160421,hou,8.5
ana,20160422,sea,7.5
ari,20160422,pit,9
atl,20160422,nyn,8
cha,20160422,tex,7.5
cin,20160422,chn,8.5
col,20160422,lan,11
det,20160422,cle,8
hou,20160422,bos,8.5
kca,20160422,bal,8.5
mil,20160422,phi,8
nya,20160422,tba,9
sdn,20160422,sln,7
sfn,20160422,mia,7.5
tor,20160422,oak,8
was,20160422,min,8
ana,20160423,sea,7
ari,20160423,pit,9
atl,20160423,nyn,7.5
cha,20160423,tex,8
cin,20160423,chn,8.5
col,20160423,lan,11
det,20160423,cle,7.5
hou,20160423,bos,8
kca,20160423,bal,9
mil,20160423,phi,8.5
nya,20160423,tba,7.5
sdn,20160423,sln,7
sfn,20160423,mia,7
tor,20160423,oak,8.5
was,20160423,min,8
ana,20160424,sea,8
ari,20160424,pit,8.5
atl,20160424,nyn,7.5
cha,20160424,tex,8.5
cin,20160424,chn,9
col,20160424,lan,11
det,20160424,cle,8
hou,20160424,bos,9
kca,20160424,bal,8.5
mil,20160424,phi,8.5
nya,20160424,tba,7.5
sdn,20160424,sln,7.5
sfn,20160424,mia,8
tor,20160424,oak,9
was,20160424,min,7
ana,20160425,kca,7
ari,20160425,sln,7.5
atl,20160425,bos,7.5
col,20160425,pit,12
det,20160425,oak,8.5
lan,20160425,mia,7.5
min,20160425,cle,8
nyn,20160425,cin,6.5
sea,20160425,hou,7.5
sfn,20160425,sdn,6.5
tba,20160425,bal,7
tex,20160425,nya,9
tor,20160425,cha,8.5
ana,20160426,kca,7.5
ari,20160426,sln,8.5
atl,20160426,bos,7
chn,20160426,mil,7.5
col,20160426,pit,10
det,20160426,oak,9
lan,20160426,mia,6.5
min,20160426,cle,8.5
nyn,20160426,cin,7
sea,20160426,hou,7
sfn,20160426,sdn,7
tba,20160426,bal,7.5
tex,20160426,nya,9
tor,20160426,cha,8
was,20160426,phi,7
ana,20160427,kca,7.5
ari,20160427,sln,9
bos,20160427,atl,9
col,20160427,pit,10.5
det,20160427,oak,7.5
lan,20160427,mia,7.5
min,20160427,cle,8
nyn,20160427,cin,7.5
sea,20160427,hou,7.5
sfn,20160427,sdn,7.5
tba,20160427,bal,7.5
tex,20160427,nya,9
tor,20160427,cha,8
was,20160427,phi,7
ari,20160428,sln,8.5
bal,20160428,cha,8.5
bos,20160428,atl,8.5
chn,20160428,mil,6.5
det,20160428,oak,8.5
lan,20160428,mia,6.5
was,20160428,phi,7.5
ari,20160429,col,8.5
bal,20160429,cha,9
bos,20160429,nya,7.5
chn,20160429,atl,7
lan,20160429,sdn,7.5
mil,20160429,mia,8.5
min,20160429,det,8.5
nyn,20160429,sfn,7
oak,20160429,hou,7.5
phi,20160429,cle,7
pit,20160429,cin,7.5
sea,20160429,kca,7
sln,20160429,was,7
tba,20160429,tor,7.5
tex,20160429,ana,9
ari,20160430,col,8.5
bal,20160430,cha,8
bos,20160430,nya,8
lan,20160430,sdn,7.5
mil,20160430,mia,9
min,20160430,det,8
nyn,20160430,sfn,7
oak,20160430,hou,8.5
phi,20160430,cle,7.5
pit,20160430,cin,7
sea,20160430,kca,7
sln,20160430,was,7
tba,20160430,tor,7.5
tex,20160430,ana,9
ari,20160501,col,9
bal,20160501,cha,7.5
bos,20160501,nya,7
chn,20160501,atl,6.5
lan,20160501,sdn,6.5
mil,20160501,mia,9
min,20160501,det,8.5
nyn,20160501,sfn,6.5
oak,20160501,hou,8.5
phi,20160501,cle,7
pit,20160501,cin,8.5
sea,20160501,kca,7.5
sln,20160501,was,7
tba,20160501,tor,7.5
tex,20160501,ana,8.5
cin,20160502,sfn,8
hou,20160502,min,8
kca,20160502,was,7.5
mil,20160502,ana,9
nyn,20160502,atl,7
oak,20160502,sea,7.5
pit,20160502,chn,7
sdn,20160502,col,7
sln,20160502,phi,7.5
tor,20160502,tex,9
bal,20160503,nya,8
cha,20160503,bos,7.5
cin,20160503,sfn,8.5
cle,20160503,det,8
hou,20160503,min,8.5
kca,20160503,was,7.5
mia,20160503,ari,8.5
mil,20160503,ana,9
nyn,20160503,atl,7
oak,20160503,sea,7.5
pit,20160503,chn,7.5
sdn,20160503,col,7.5
sln,20160503,phi,7
tba,20160503,lan,8
tor,20160503,tex,9
bal,20160504,nya,8.5
cha,20160504,bos,8
cin,20160504,sfn,8.5
cle,20160504,det,7.5
hou,20160504,min,8.5
kca,20160504,was,7.5
mia,20160504,ari,7.5
mil,20160504,ana,9
nyn,20160504,atl,7
oak,20160504,sea,7.5
pit,20160504,chn,7.5
sdn,20160504,col,7.5
sln,20160504,phi,7.5
tba,20160504,lan,7
tor,20160504,tex,9
bal,20160505,nya,7
cha,20160505,bos,8.5
chn,20160505,was,7.5
cin,20160505,mil,9
cle,20160505,det,8.5
hou,20160505,sea,9
mia,20160505,ari,8.5
sdn,20160505,nyn,7
sfn,20160505,col,7.5
sln,20160505,phi,6.5
tor,20160505,tex,8.5
ana,20160506,tba,7.5
atl,20160506,ari,7
cha,20160506,min,9
chn,20160506,was,8.5
cin,20160506,mil,8.5
cle,20160506,kca,7
det,20160506,tex,8
hou,20160506,sea,9
mia,20160506,phi,7
nya,20160506,bos,7
sdn,20160506,nyn,6.5
sfn,20160506,col,7
sln,20160506,pit,7.5
tor,20160506,lan,8
ana,20160507,tba,8
atl,20160507,ari,7.5
bal,20160507,oak,8
bal,20160507,oak,8
cha,20160507,min,7
chn,20160507,was,7.5
cin,20160507,mil,9
cle,20160507,kca,8.5
det,20160507,tex,10
hou,20160507,sea,8.5
mia,20160507,phi,8.5
nya,20160507,bos,7.5
sdn,20160507,nyn,7.5
sfn,20160507,col,7
sln,20160507,pit,9
tor,20160507,lan,8
ana,20160508,tba,8
atl,20160508,ari,8
bal,20160508,oak,8.5
cha,20160508,min,7.5
chn,20160508,was,8
cin,20160508,mil,8.5
cle,20160508,kca,7.5
det,20160508,tex,9
hou,20160508,sea,8.5
mia,20160508,phi,7
nya,20160508,bos,8.5
sdn,20160508,nyn,7.5
sfn,20160508,col,8
sln,20160508,pit,7.5
tor,20160508,lan,9.5
bos,20160509,oak,8.5
cin,20160509,pit,9
col,20160509,ari,11
hou,20160509,cle,7.5
lan,20160509,nyn,7
mia,20160509,mil,7.5
nya,20160509,kca,8
sea,20160509,tba,7
sfn,20160509,tor,8
tex,20160509,cha,9.5
was,20160509,det,7
ana,20160510,sln,8
atl,20160510,phi,7.5
bos,20160510,oak,9.5
chn,20160510,sdn,7.5
col,20160510,ari,10.5
hou,20160510,cle,8.5
lan,20160510,nyn,7
mia,20160510,mil,8.5
min,20160510,bal,7.5
nya,20160510,kca,7
sea,20160510,tba,7
sfn,20160510,tor,8
tex,20160510,cha,9
was,20160510,det,7.5
ana,20160511,sln,7.5
atl,20160511,phi,7.5
bos,20160511,oak,9
chn,20160511,sdn,7.5
chn,20160511,sdn,8
cin,20160511,pit,9
col,20160511,ari,10.5
hou,20160511,cle,8
lan,20160511,nyn,6.5
mia,20160511,mil,8.5
min,20160511,bal,9
nya,20160511,kca,7.5
sea,20160511,tba,7
sfn,20160511,tor,7
tex,20160511,cha,9
was,20160511,det,7
ana,20160512,sln,8
ari,20160512,sfn,8
atl,20160512,phi,7
bal,20160512,det,9.5
bos,20160512,hou,8
lan,20160512,nyn,6
mil,20160512,sdn,9
nya,20160512,kca,7.5
ari,20160513,sfn,9
bal,20160513,det,8.5
bos,20160513,hou,9
chn,20160513,pit,9
cle,20160513,min,8.5
col,20160513,nyn,10
kca,20160513,atl,7.5
lan,20160513,sln,7.5
mil,20160513,sdn,9
nya,20160513,cha,7
phi,20160513,cin,8.5
sea,20160513,ana,8
tba,20160513,oak,7
tex,20160513,tor,10
was,20160513,mia,8.5
ari,20160514,sfn,9
bal,20160514,det,9
bos,20160514,hou,10
chn,20160514,pit,8.5
cle,20160514,min,7
col,20160514,nyn,11.5
kca,20160514,atl,8
lan,20160514,sln,7.5
mil,20160514,sdn,9
nya,20160514,cha,8
phi,20160514,cin,7.5
sea,20160514,ana,7.5
tba,20160514,oak,8
tex,20160514,tor,9
was,20160514,mia,7.5
was,20160514,mia,8
ari,20160515,sfn,9
bal,20160515,det,9
bos,20160515,hou,10.5
chn,20160515,pit,7.5
cle,20160515,min,7.5
col,20160515,nyn,10
kca,20160515,atl,7.5
lan,20160515,sln,7.5
mil,20160515,sdn,9
nya,20160515,cha,8
phi,20160515,cin,7.5
sea,20160515,ana,7.5
tba,20160515,oak,7.5
tex,20160515,tor,9
was,20160515,mia,7.5
ari,20160516,nya,9
cle,20160516,cin,8.5
det,20160516,min,8.5
lan,20160516,ana,7.5
oak,20160516,tex,8
phi,20160516,mia,7.5
pit,20160516,atl,8
tor,20160516,tba,8
ari,20160517,nya,8
bal,20160517,sea,9
cha,20160517,hou,7.5
cle,20160517,cin,7.5
det,20160517,min,9.5
kca,20160517,bos,7.5
lan,20160517,ana,6.5
mil,20160517,chn,8.5
nyn,20160517,was,6.5
oak,20160517,tex,7.5
phi,20160517,mia,7
pit,20160517,atl,7.5
sdn,20160517,sfn,7
sln,20160517,col,7
tor,20160517,tba,8
ana,20160518,lan,8
ari,20160518,nya,9
bal,20160518,sea,8.5
cha,20160518,hou,8.5
cin,20160518,cle,8.5
det,20160518,min,9
kca,20160518,bos,7
kca,20160518,bos,8
mil,20160518,chn,8.5
nyn,20160518,was,7
oak,20160518,tex,8
phi,20160518,mia,8
pit,20160518,atl,7
sdn,20160518,sfn,6.5
sln,20160518,col,8
tor,20160518,tba,8.5
ana,20160519,lan,7.5
bal,20160519,sea,8.5
cha,20160519,hou,7.5
cin,20160519,cle,8.5
mil,20160519,chn,8.5
min,20160519,tor,9
nyn,20160519,was,6.5
oak,20160519,nya,8
pit,20160519,atl,8
sdn,20160519,sfn,7
sln,20160519,col,7
ana,20160520,bal,7.5
bos,20160520,cle,8.5
cha,20160520,kca,7.5
cin,20160520,sea,8.5
det,20160520,tba,9
hou,20160520,tex,8.5
mia,20160520,was,9
min,20160520,tor,8.5
nyn,20160520,mil,7.5
oak,20160520,nya,7.5
phi,20160520,atl,7.5
pit,20160520,col,7.5
sdn,20160520,lan,7.5
sfn,20160520,chn,7
sln,20160520,ari,7
ana,20160521,bal,8
bos,20160521,cle,10
cha,20160521,kca,9
cin,20160521,sea,8.5
det,20160521,tba,9
hou,20160521,tex,8.5
mia,20160521,was,7
min,20160521,tor,10
nyn,20160521,mil,7
oak,20160521,nya,7
phi,20160521,atl,8
pit,20160521,col,7.5
sdn,20160521,lan,7.5
sfn,20160521,chn,7.5
sln,20160521,ari,7.5
ana,20160522,bal,8.5
bos,20160522,cle,8.5
cha,20160522,kca,8
cin,20160522,sea,9.5
det,20160522,tba,8.5
hou,20160522,tex,7.5
mia,20160522,was,7
min,20160522,tor,8.5
nyn,20160522,mil,7
oak,20160522,nya,7.5
phi,20160522,atl,7.5
sdn,20160522,lan,7.5
sfn,20160522,chn,7
sln,20160522,ari,7
cha,20160523,cle,9.5
cha,20160523,cle,9.5
det,20160523,phi,8.5
lan,20160523,cin,6.5
mia,20160523,tba,7.5
min,20160523,kca,8
pit,20160523,col,8.5
sea,20160523,oak,7
sfn,20160523,sdn,6.5
sln,20160523,chn,8
tex,20160523,ana,9.5
was,20160523,nyn,7.5
atl,20160524,mil,7.5
bos,20160524,col,8.5
cha,20160524,cle,7.5
det,20160524,phi,8.5
hou,20160524,bal,8.5
lan,20160524,cin,7.5
mia,20160524,tba,8
min,20160524,kca,8
nya,20160524,tor,8
pit,20160524,ari,8.5
sea,20160524,oak,7.5
sfn,20160524,sdn,7
sln,20160524,chn,8
tex,20160524,ana,9
was,20160524,nyn,7
atl,20160525,mil,7.5
bos,20160525,col,9.5
cha,20160525,cle,7.5
det,20160525,phi,8
hou,20160525,bal,8.5
lan,20160525,cin,7.5
min,20160525,kca,8
nya,20160525,tor,8.5
pit,20160525,ari,8.5
sea,20160525,oak,8
sfn,20160525,sdn,7.5
sln,20160525,chn,7
tba,20160525,mia,8.5
tex,20160525,ana,9.5
was,20160525,nyn,7.5
atl,20160526,mil,8
bos,20160526,col,9
hou,20160526,bal,8
nya,20160526,tor,9
pit,20160526,ari,7.5
tba,20160526,mia,6.5
was,20160526,sln,8
ana,20160527,hou,7.5
ari,20160527,sdn,10
atl,20160527,mia,7.5
chn,20160527,phi,9
cle,20160527,bal,8.5
col,20160527,sfn,10.5
kca,20160527,cha,8
mil,20160527,cin,9
nyn,20160527,lan,7
oak,20160527,det,8.5
sea,20160527,min,7.5
tba,20160527,nya,7
tex,20160527,pit,9
tor,20160527,bos,8.5
was,20160527,sln,7
ana,20160528,hou,8
ari,20160528,sdn,8.5
atl,20160528,mia,8
chn,20160528,phi,9.5
cle,20160528,bal,8.5
col,20160528,sfn,11
kca,20160528,cha,8
mil,20160528,cin,9.5
nyn,20160528,lan,7
oak,20160528,det,9.5
sea,20160528,min,8
tba,20160528,nya,7.5
tex,20160528,pit,9
tor,20160528,bos,9
was,20160528,sln,8.5
ana,20160529,hou,8
ari,20160529,sdn,8
atl,20160529,mia,8
chn,20160529,phi,9.5
cle,20160529,bal,9
col,20160529,sfn,10.5
kca,20160529,cha,7.5
mil,20160529,cin,9
nyn,20160529,lan,6.5
oak,20160529,det,9
sea,20160529,min,7.5
tba,20160529,nya,7
tex,20160529,pit,9
tor,20160529,bos,9
was,20160529,sln,7.5
ana,20160530,det,7.5
ari,20160530,hou,9
atl,20160530,sfn,8
bal,20160530,bos,9
chn,20160530,lan,8.5
cle,20160530,tex,9
col,20160530,cin,11.5
kca,20160530,tba,7.5
mia,20160530,pit,9
mil,20160530,sln,9
nyn,20160530,cha,7
oak,20160530,min,9
phi,20160530,was,8
sea,20160530,sdn,8
tor,20160530,nya,9
ana,20160531,det,8.5
ari,20160531,hou,8.5
atl,20160531,sfn,9
bal,20160531,bos,8.5
chn,20160531,lan,7.5
cle,20160531,tex,8.5
col,20160531,cin,11
kca,20160531,tba,7.5
mia,20160531,pit,6.5
mil,20160531,sln,9
nyn,20160531,cha,7.5
oak,20160531,min,8.5
phi,20160531,was,7
sea,20160531,sdn,7.5
tor,20160531,nya,9
ana,20160601,det,8
atl,20160601,sfn,8.5
bal,20160601,bos,9
chn,20160601,lan,8.5
cle,20160601,tex,8
col,20160601,cin,11.5
hou,20160601,ari,8.5
kca,20160601,tba,7
mia,20160601,pit,8.5
mil,20160601,sln,9
nyn,20160601,cha,7.5
oak,20160601,min,9
phi,20160601,was,7.5
sdn,20160601,sea,7.5
tor,20160601,nya,8
atl,20160602,sfn,7
bal,20160602,bos,9.5
chn,20160602,lan,8.5
cle,20160602,kca,7.5
col,20160602,cin,12.5
det,20160602,nya,9
hou,20160602,ari,7.5
mia,20160602,pit,8
min,20160602,tba,9
phi,20160602,mil,8
sdn,20160602,sea,8.5
bal,20160603,nya,8
bos,20160603,tor,9
chn,20160603,ari,8.5
cin,20160603,was,9
cle,20160603,kca,7.5
det,20160603,cha,9
hou,20160603,oak,8.5
lan,20160603,atl,7
mia,20160603,nyn,7
min,20160603,tba,8.5
phi,20160603,mil,8
pit,20160603,ana,8.5
sdn,20160603,col,7.5
sln,20160603,sfn,7.5
tex,20160603,sea,8.5
bal,20160604,nya,9
bos,20160604,tor,9.5
chn,20160604,ari,10
cin,20160604,was,8
cle,20160604,kca,8
det,20160604,cha,8.5
hou,20160604,oak,8.5
lan,20160604,atl,6
mia,20160604,nyn,9
min,20160604,tba,8.5
phi,20160604,mil,8
pit,20160604,ana,8.5
sdn,20160604,col,8.5
sln,20160604,sfn,8
tex,20160604,sea,9
bal,20160605,nya,8.5
bos,20160605,tor,9.5
chn,20160605,ari,8
cin,20160605,was,9.5
cle,20160605,kca,8
det,20160605,cha,7.5
hou,20160605,oak,8.5
lan,20160605,atl,7.5
mia,20160605,nyn,7
min,20160605,tba,8
phi,20160605,mil,8
pit,20160605,ana,7.5
sdn,20160605,col,8.5
sln,20160605,sfn,8.5
tex,20160605,sea,9.5
ari,20160606,tba,8
bal,20160606,kca,8.5
det,20160606,tor,9.5
lan,20160606,col,7.5
nya,20160606,ana,8.5
phi,20160606,chn,8.5
sdn,20160606,atl,7.5
sea,20160606,cle,8.5
tex,20160606,hou,9.5
ari,20160607,tba,8
bal,20160607,kca,9
cha,20160607,was,8.5
cin,20160607,sln,9.5
det,20160607,tor,9.5
lan,20160607,col,8
mil,20160607,oak,9.5
min,20160607,mia,9
nya,20160607,ana,9
phi,20160607,chn,8
pit,20160607,nyn,7.5
pit,20160607,nyn,7.5
sdn,20160607,atl,8
sea,20160607,cle,9
sfn,20160607,bos,7.5
tex,20160607,hou,8
ari,20160608,tba,8.5
bal,20160608,kca,8
cha,20160608,was,7.5
cin,20160608,sln,9.5
det,20160608,tor,9
lan,20160608,col,7.5
mil,20160608,oak,9
min,20160608,mia,9
nya,20160608,ana,9
phi,20160608,chn,7.5
pit,20160608,nyn,6.5
sdn,20160608,atl,6.5
sea,20160608,cle,7.5
sfn,20160608,bos,6
tex,20160608,hou,8.5
cha,20160609,was,9
cin,20160609,sln,10
col,20160609,pit,12.5
mil,20160609,nyn,9
min,20160609,mia,9.5
nya,20160609,ana,9
sea,20160609,cle,8
tex,20160609,hou,9.5
tor,20160609,bal,9
ana,20160610,cle,7.5
ari,20160610,mia,9.5
atl,20160610,chn,8
cha,20160610,kca,8
cin,20160610,oak,9
col,20160610,sdn,12
mil,20160610,nyn,9
min,20160610,bos,9
nya,20160610,det,10
pit,20160610,sln,8
sea,20160610,tex,7.5
sfn,20160610,lan,5.5
tba,20160610,hou,7.5
tor,20160610,bal,8.5
was,20160610,phi,7.5
ana,20160611,cle,7.5
ari,20160611,mia,9
atl,20160611,chn,7.5
cha,20160611,kca,8
cin,20160611,oak,9.5
col,20160611,sdn,12.5
mil,20160611,nyn,9.5
min,20160611,bos,10
nya,20160611,det,8
pit,20160611,sln,8
sea,20160611,tex,7.5
sfn,20160611,lan,7.5
tba,20160611,hou,7.5
tor,20160611,bal,9
was,20160611,phi,7.5
ana,20160612,cle,7.5
ari,20160612,mia,8.5
atl,20160612,chn,8
cha,20160612,kca,8.5
cin,20160612,oak,9.5
col,20160612,sdn,12.5
mil,20160612,nyn,7.5
min,20160612,bos,9
nya,20160612,det,8.5
pit,20160612,sln,9
sea,20160612,tex,7.5
sfn,20160612,lan,7.5
tba,20160612,hou,7.5
tor,20160612,bal,9
was,20160612,phi,8.5
ana,20160613,min,8.5
ari,20160613,lan,9
atl,20160613,cin,8.5
cha,20160613,det,10
kca,20160613,cle,8
oak,20160613,tex,8
sdn,20160613,mia,7.5
sfn,20160613,mil,7.5
tor,20160613,phi,9
was,20160613,chn,7.5
ana,20160614,min,7.5
ari,20160614,lan,9
atl,20160614,cin,7.5
bos,20160614,bal,8.5
cha,20160614,det,9
col,20160614,nya,10.5
kca,20160614,cle,8.5
nyn,20160614,pit,7
oak,20160614,tex,8.5
sdn,20160614,mia,7.5
sfn,20160614,mil,7
sln,20160614,hou,8.5
tba,20160614,sea,7.5
tor,20160614,phi,8.5
was,20160614,chn,8
ana,20160615,min,8
ari,20160615,lan,7
atl,20160615,cin,7.5
bos,20160615,bal,9.5
cha,20160615,det,9.5
col,20160615,nya,11.5
kca,20160615,cle,7.5
nyn,20160615,pit,7
oak,20160615,tex,8
phi,20160615,tor,8
sdn,20160615,mia,8.5
sfn,20160615,mil,7
sln,20160615,hou,8.5
tba,20160615,sea,7.5
was,20160615,chn,7.5
atl,20160616,cin,8
bos,20160616,bal,10.5
kca,20160616,det,7.5
lan,20160616,mil,7.5
min,20160616,nya,8.5
nyn,20160616,pit,7.5
oak,20160616,tex,8.5
phi,20160616,tor,7.5
sdn,20160616,was,7.5
tba,20160616,sea,7.5
bal,20160617,tor,9
bos,20160617,sea,10
chn,20160617,pit,7
cle,20160617,cha,7.5
hou,20160617,cin,8.5
kca,20160617,det,8.5
lan,20160617,mil,7.5
mia,20160617,col,7.5
min,20160617,nya,8
nyn,20160617,atl,7.5
oak,20160617,ana,8
phi,20160617,ari,8
sdn,20160617,was,8
sln,20160617,tex,8
tba,20160617,sfn,7.5
bal,20160618,tor,10
bos,20160618,sea,10
chn,20160618,pit,8
cle,20160618,cha,8
hou,20160618,cin,8
kca,20160618,det,9
lan,20160618,mil,8
mia,20160618,col,8.5
min,20160618,nya,8.5
nyn,20160618,atl,7.5
oak,20160618,ana,8.5
phi,20160618,ari,7.5
sdn,20160618,was,7.5
sln,20160618,tex,9
tba,20160618,sfn,8
bal,20160619,tor,9
bos,20160619,sea,9
chn,20160619,pit,9
cle,20160619,cha,8
hou,20160619,cin,8.5
kca,20160619,det,9
lan,20160619,mil,8
mia,20160619,col,8
min,20160619,nya,9
nyn,20160619,atl,6.5
oak,20160619,ana,9.5
phi,20160619,ari,9
sdn,20160619,was,8.5
sln,20160619,tex,9
tba,20160619,sfn,7.5
bos,20160620,cha,10
chn,20160620,sln,8.5
cle,20160620,tba,8.5
det,20160620,sea,11
hou,20160620,ana,8.5
lan,20160620,was,6.5
mia,20160620,col,8.5
phi,20160620,ari,8.5
pit,20160620,sfn,8.5
tex,20160620,bal,9.5
bal,20160621,sdn,10
bos,20160621,cha,9.5
chn,20160621,sln,8.5
cle,20160621,tba,8
det,20160621,sea,9
hou,20160621,ana,8.5
lan,20160621,was,7.5
mia,20160621,atl,7
min,20160621,phi,8
nya,20160621,col,9
nyn,20160621,kca,7.5
oak,20160621,mil,8.5
pit,20160621,sfn,8
tex,20160621,cin,10
tor,20160621,ari,9
bal,20160622,sdn,10.5
bos,20160622,cha,9.5
chn,20160622,sln,7.5
cle,20160622,tba,8.5
det,20160622,sea,9
hou,20160622,ana,8
lan,20160622,was,7.5
mia,20160622,atl,7.5
min,20160622,phi,9
nya,20160622,col,8.5
nyn,20160622,kca,6.5
oak,20160622,mil,8
pit,20160622,sfn,7.5
tex,20160622,cin,9.5
tor,20160622,ari,9
ana,20160623,oak,8.5
atl,20160623,nyn,8
bos,20160623,cha,10.5
cin,20160623,sdn,9.5
col,20160623,ari,11
det,20160623,sea,10
mia,20160623,chn,7.5
min,20160623,phi,8
pit,20160623,sfn,8.5
ana,20160624,oak,9
atl,20160624,nyn,7.5
bal,20160624,tba,9.5
cha,20160624,tor,8.5
cin,20160624,sdn,9
col,20160624,ari,11.5
det,20160624,cle,8
kca,20160624,hou,8
mia,20160624,chn,7.5
mil,20160624,was,7.5
nya,20160624,min,7.5
pit,20160624,lan,8.5
sea,20160624,sln,8
sfn,20160624,phi,8
tex,20160624,bos,9.5
ana,20160625,oak,9
atl,20160625,nyn,7.5
bal,20160625,tba,8.5
bal,20160625,tba,9
cha,20160625,tor,9
cin,20160625,sdn,9.5
col,20160625,ari,12.5
det,20160625,cle,9
kca,20160625,hou,9
mia,20160625,chn,8
mil,20160625,was,9.5
nya,20160625,min,9
pit,20160625,lan,8
sea,20160625,sln,8
sfn,20160625,phi,6.5
tex,20160625,bos,9.5
ana,20160626,oak,8.5
atl,20160626,nyn,8
bal,20160626,tba,9
cha,20160626,tor,9
cin,20160626,sdn,9.5
col,20160626,ari,12.5
det,20160626,cle,8.5
kca,20160626,hou,8.5
mia,20160626,chn,6.5
mil,20160626,was,9.5
nya,20160626,min,9.5
pit,20160626,lan,6.5
sea,20160626,sln,8
sfn,20160626,phi,6.5
tex,20160626,bos,10
ana,20160627,hou,7.5
ari,20160627,phi,8.5
atl,20160627,cle,7.5
cin,20160627,chn,8.5
col,20160627,tor,11
kca,20160627,sln,8
nya,20160627,tex,9.5
pit,20160627,lan,8.5
sfn,20160627,oak,7.5
tba,20160627,bos,8
was,20160627,nyn,7.5
ana,20160628,hou,9
ari,20160628,phi,7.5
atl,20160628,cle,7.5
cha,20160628,min,8.5
cin,20160628,chn,9
col,20160628,tor,13
det,20160628,mia,10
kca,20160628,sln,8
mil,20160628,lan,8.5
nya,20160628,tex,8
sdn,20160628,bal,8.5
sea,20160628,pit,8
sfn,20160628,oak,8
tba,20160628,bos,7.5
was,20160628,nyn,8.5
ana,20160629,hou,9
ari,20160629,phi,9
atl,20160629,cle,7.5
cha,20160629,min,9
cin,20160629,chn,9
col,20160629,tor,12
det,20160629,mia,9.5
mil,20160629,lan,9
nya,20160629,tex,9
oak,20160629,sfn,8
sdn,20160629,bal,9
sea,20160629,pit,8.5
sln,20160629,kca,7.5
tba,20160629,bos,8
was,20160629,nyn,8
atl,20160630,mia,8.5
cha,20160630,min,9
mil,20160630,lan,8
nya,20160630,tex,9
nyn,20160630,chn,7.5
oak,20160630,sfn,7.5
sea,20160630,bal,7.5
sln,20160630,kca,8.5
tba,20160630,det,8
tor,20160630,cle,8.5
was,20160630,cin,8.5
tor,20160701,cle,8.5